City Name,2023_Score_Max10000,2022_Score_Max7500,2020_Score_Max6000,2019_Score_5000,2018_Score,2017_Score,2016_Score
INDORE,9348.39,7146.41,5647.56,4659,3707,1808,1276
SURAT,9348.39,6924.84,5519.59,3861,3318,1762,1605
NAVI MUMBAI,9240.3,6852.91,5467.89,4129,3536,1705,1530
VISAKHAPATNAM,8879.3,6701.18,4918.44,3744,3547,1797,1643
BHOPAL,8855.2,6608.41,5066.31,3794,3689,1800,1336
VIJAYAWADA,8751.3,6699.3,5270.32,3882,3580,1624,1284
NEW DELHI (NDMC),8728.3,6550.04,5193.27,4191,3597,1708,1704
GREATER HYDERABAD,8601.3,5612.68,4047.01,3455,3092,1605,1355
PUNE,8595.2,5708.42,4477.31,3446,3471,1660,1533
RAIPUR,8540.2,5395.31,4098.72,3393,0,1175,818
PIMPRI CHINCHWAD,8536.7,5051.48,3945.1,3228,2935,1320,1559
AHMEDABAD,8041.5,5720.87,5207.13,4137,3373,1657,1452
GWALIOR,7994.7,5204.96,4696.36,3148,3083,1545,1235
JABALPUR,7760.9,4677.88,4368.55,3667,3096,1609,872
THANE,7520.3,5308.01,4606.35,3181,2967,1206,1367
RAJKOT,7465.8,5846,5157.36,4000,3000,1638,1574
NASHIK,7372.2,4991.86,4729.46,3093,2786,1106,1232
VADODARA,7344.2,5285.67,4870.34,3000,2925,1703,1511
GHAZIABAD,7222.5,5387.67,4283.26,3877,2993,672,820
VARANASI,7107.1,4734.69,3684.2,3063,3052,1515,839
LUCKNOW,7009,5209.69,4728.28,0,0,860,1237
AURANGABAD,6737.8,4145.17,3729.63,0,0,794,981
KALYAN DOMBIVALI,6583.3,4383.47,4091,3013,2597,919,858
PRAYAGRAJ,6433,5267.06,4141.47,0,0,894,1323
KANPUR,6409.6,4165.43,3783.88,3113,2771,1053,1090
PATNA,6320.9,3337.28,1552.11,0,0,880,746
AGRA,6164.6,4441.29,4391.51,2970,0,879,1081
NAGPUR,6163.8,4171.92,4345.06,3160,2835,1158,1348
MEERUT,5850.4,5283.65,2314.59,0,0,708,760
BENGALURU,5520.1,2892.98,2656.82,0,0,968,1182
AMRITSAR,5181.8,4069.77,2459.31,0,0,883,1062
RANCHI,4946.7,3068.1,3431,3319,3146,1204,874
VASAI VIRAR,4844.7,4306.77,3268.37,3448,2804,1142,1215
JAIPUR HERITAGE (MC),4685.5,4230.96,0,0,0,0,0
JAIPUR GREATER (MC),4679.6,3877.28,3660.39,3366,2971,954,1236
COIMBATORE,4496.6,2899.11,2337.12,3412,3292,1650,1361
GREATER MUMBAI,4446.2,4078.68,3106.39,3277,3175,1535,1534
CHENNAI,4313.8,2866.14,2010.93,3118,2586,916,1194
LUDHIANA,4139.8,3005.07,3113.06,0,0,1139,1222
DHANBAD,4060.7,3527.44,3226.31,3190,2848,1219,464
SRINAGAR,3932.4,2986.75,2905.58,0,0,909,1072
MADURAI,3011.2,2250.77,2255.81,0,0,1394,1245
FARIDABAD,2350.6,3492.94,2646.69,0,0,1277,1037
AMBIKAPUR,0,6365.01,5428.31,4394,3459,1653,0
Karad,0,0,5366.05,0,2845,0,0
MYSORE,0,6566.44,5298.61,4379,3540,1743,1749
SASVAD,0,5534.61,5270.26,3728,2886,0,0
LONAVALA,0,5989.96,5187.78,4041,2960,0,0
CHANDRAPUR,0,5217.91,5178.93,3604,2610,1315,0
KHARGONE,0,5053.41,5158.36,3798,3297,1639,0
NAWANSHAHR,0,5198.03,5145.17,3556,0,0,0
TIRUPATI,0,6583.71,5142.76,0,3576,1704,0
JAMSHEDPUR,0,5559.51,5133.2,3806,3047,0,827
PANHALA,0,5543.29,5120.94,3886,2773,0,0
JEJURI,0,4850.35,5110.78,3249,0,0,0
SHIRDI,0,5127.72,5063.99,0,3055,1397,0
GANDHINAGAR,0,5476.8,5056.72,3757,3096,1613,1133
MAUDA CT,0,4499.27,5033.21,0,0,0,0
CHANDIGARH,0,6208.52,4970.07,3787,3649,1701,1716
KAGAL,0,5305.27,4963.07,3466,0,0,0
RATNAGIRI,0,4991.09,4961.27,3516,2844,0,0
BRAHMAPURI,0,4855.93,4936.59,0,0,0,0
VADGAON,0,5384.54,4901.25,3744,0,0,0
DHULE,0,4885.63,4896.99,2858,2664,1187,0
GADHINGLAJ,0,5436.57,4895.45,3481,2796,0,0
INDAPUR,0,5424.12,4888.36,3752,2778,0,0
RAJNANDGAON,0,4880.85,4887.5,3391,2807,1074,0
BILASPUR,0,5407.03,4875.74,3617,3136,1039,0
DEOLALI PRAVARA,0,5680.94,4849.85,0,0,0,0
UJJAIN,0,5775.76,4826.53,4244,3198,1691,0
RAIGARH,0,5116.84,4808.37,3374,2836,1223,0
BURHANPUR,0,5004.88,4791.18,0,2644,1156,0
RAJAPUR,0,5119.61,4767.52,0,2752,0,0
VITA,0,5772.55,4764.28,3970,2896,0,0
MURGUD,0,5406.54,4736.62,3599,0,0,0
PATAN (NP),0,6238.97,4732.12,0,0,0,0
SINGRAULI,0,5464.27,4703.93,3763,3122,1414,0
CHHINDWARA,0,5911.98,4691.03,3636,2944,1410,0
DUNGARPUR (M),0,5290.87,4688.46,0,0,0,0
SHAHGANJ,0,5107.87,4672.97,3923,0,0,0
KARNAL,0,4284.23,4655.07,3736,2958,1348,0
JASHPUR NAGAR (M),0,5357.05,4623.17,0,0,0,0
NARKHED,0,5413.96,4622.2,3296,0,0,0
AMBARNATH,0,3280.78,4614.04,3575,0,1272,0
MIRA-BHAYANDAR,0,5967.4,4608.14,3622,2903,1172,0
PANVEL,0,5583.64,4599.74,2969,2619,1065,0
MATHERAN,0,4733.22,4599.28,0,2892,0,0
MALKAPUR_S,0,5426.45,4596.7,3231,0,0,0
NARHARPUR (NP),0,4390.6,4586.4,0,0,0,0
KHANDWA,0,5702.29,4560.77,2908,2588,1319,0
JALNA,0,3365.6,4535.17,0,0,626,0
PITHAMPUR,0,5478.74,4534.9,3273,2796,1352,0
BALLARPUR,0,5207.35,4534.22,0,0,0,0
KHED,0,5154.38,4511.73,0,2746,0,0
MUL,0,4393.88,4500.35,4028,2822,0,0
MAHABALESHWAR,0,4919.89,4478.56,3783,2929,0,0
MAHAD,0,5116.7,4458.45,3462,2895,0,0
BADNAWAR,0,4880.84,4454.49,0,0,0,0
TASGAON,0,5282.43,4447.71,3517,2788,0,0
OMKARESHWAR,0,4320.24,4436.16,0,0,1489,0
KATNI,0,5219.06,4405.82,2872,0,0,0
NOIDA,0,6332.2,4403.22,0,0,0,0
BHIWANDI NIZAMPUR,0,3551.79,4396.12,2972,2595,571,0
JAMNER,0,4745.49,4392.87,0,2827,0,0
SHIRUR,0,5216.59,4388.81,3140,0,0,0
KAWARDHA (M),0,5236.53,4379.51,0,0,0,0
Jhansi,0,0,4365.01,3086,2805,1072,0
SANGAMNER,0,5617.52,4355.07,3282,0,0,0
JAMNAGAR,0,4855.86,4355.02,2996,0,1503,0
MAHADULA,0,5151.83,4341.99,0,0,0,0
PANCHGANI,0,6396.46,4317.98,3678,3184,0,0
DEWAS,0,5634.37,4310.08,3968,2723,1386,0
Aligarh,0,0,4309.19,0,0,1117,0
VENGURLA,0,4983.92,4308.86,3347,2930,0,0
RATLAM,0,5327.55,4298.72,3116,2712,1422,0
SHIRPUR- WARWADE,0,4953.14,4294.67,3316,0,0,0
SARAGAON (NP),0,4647.24,4293.21,0,0,0,0
RAMTEK,0,3731.31,4286.59,0,0,0,0
PANDHARPUR,0,4917.11,4281.43,3562,0,0,0
WADI,0,4929.29,4275.76,0,0,0,0
DOUNDAICHA WARWADE,0,4653.32,4275.73,0,0,0,0
KOLHAPUR,0,4094.29,4274.34,3803,2686,1048,0
VAIJAPUR,0,5442.02,4259.82,3400,2916,0,0
PEN,0,5377.43,4235.64,3263,0,0,0
GEORAI,0,4151.13,4233.23,0,2801,0,0
TALALA,0,3688.47,4223.14,0,0,0,0
JUNNAR,0,5435.85,4222.82,3609,0,0,0
TALEGAON DABHADE,0,4255.34,4218.97,3220,0,0,0
RAHIMATPUR,0,4548.25,4215.81,3440,2748,0,0
JAGDALPUR,0,5156.86,4213.39,3510,0,922,0
BHILAI NAGAR,0,5500.18,4212.41,3929,2715,1407,0
VARANGAON,0,3214.46,4198.57,0,2763,0,0
ROHTAK,0,5143.17,4180.55,3083,2614,800,0
PIPARIYA (NP),0,4319.99,4179.3,0,0,0,0
PAITHAN,0,4020.79,4167.6,0,2871,0,0
BARAMKELA (NP),0,4737.22,4167.53,0,0,0,0
SARIYA (NP),0,4197.05,4166.87,0,0,0,0
SANGLI,0,4076.96,4163.41,0,0,0,0
GANGAGHAT (NPP),0,2732.51,4161.12,0,0,0,0
AMRAVATI,0,4252.57,4160.24,0,0,922,0
BADRAVATI,0,5479.15,4159.69,0,0,0,0
AMALNER,0,5268.84,4159.42,0,0,0,0
BAGASRA,0,2466.61,4159.25,0,0,0,0
BARSHI,0,5655.06,4153.39,3198,2640,813,0
KANTHAPHOD,0,4158.61,4152.98,0,0,0,0
MATHURA-Vrindavan (NN),0,0,4150.95,0,0,0,0
AHMEDANAGAR,0,5335.3,4147.62,0,0,0,0
PUSAUR (NP),0,4669.08,4147.2,0,0,0,0
SAILU,0,5230.67,4145.59,3187,0,0,0
BASTAR (NP),0,5170.85,4133.97,0,0,0,0
NANDURBAR,0,4070.77,4124.63,0,0,1037,0
PANDARIYA,0,4690.32,4111.69,0,2733,0,0
BISHRAMPUR (NP),0,5757.88,4099.33,0,0,0,0
WARORA,0,4892.92,4092.58,0,0,0,0
KOTBA (NP),0,3776.07,4081.38,0,0,0,0
SURAJPUR (M),0,5155.67,4076.1,0,0,0,0
HINGOLI,0,5139.06,4071.45,3457,2792,0,0
MALKAPUR_K,0,4985.13,4068.08,0,0,0,0
Bhatgaon (NP),0,0,4059.32,0,0,0,0
DHAMTARI (M),0,4494.38,4058.35,0,0,0,0
KHOPOLI,0,4961.88,4057.95,3471,0,0,0
BHAVNAGAR,0,4936.87,4055.6,2921,0,1515,0
HATHOD,0,4927.32,4048.16,0,0,0,0
Kharsia  (M),0,0,4045.97,0,0,0,0
BHAGUR,0,4254.29,4040.74,0,2771,0,0
PANDATARAI (NP),0,4489.68,4040.69,0,0,0,0
SAGAR,0,5699.23,4039.26,3284,2922,1603,0
BETUL,0,5107.18,4028.89,0,0,1313,0
SHAHADA,0,4722.58,4024.09,0,0,0,0
BAGICHA (NP),0,4654.77,4017.29,0,0,0,0
BARSUR (NP),0,4683.57,4011.02,0,0,0,0
JARHI (NP),0,4622.12,4008.95,0,0,0,0
KORBA,0,5691.31,4004.25,3111,2989,1313,0
POMBHURNA,0,2830.56,4000.94,0,0,0,0
BADE BACHELI (M),0,5203.32,3997.8,0,0,0,0
RAU,0,4395.52,3996.48,3315,0,0,0
CHIKHALAKASA (NP),0,4825.21,3990.33,0,0,0,0
URAN ISLAMPUR,0,4563.31,3985.64,3631,2931,0,0
DANTEWADA (NP),0,4179,3983.24,0,0,0,0
ALIBAG,0,2874.93,3979.27,0,0,0,0
KIRANDUL (M),0,4479.25,3978.3,0,0,0,0
JHABUA,0,4037.77,3971.56,0,0,0,0
KHULDABAD,0,3628.79,3967.99,0,0,0,0
JAMUL (M),0,4289.55,3965.37,0,0,0,0
HINGANA,0,4696.03,3965.26,3222,0,0,0
TARSADI,0,4338.29,3963.36,0,0,0,0
BHUSAWAL,0,4144.75,3962.2,0,2722,345,0
SHIVPUR CHARCHA (M),0,4484.27,3956.28,0,0,0,0
UMRED,0,5131.29,3953.51,3272,0,0,0
KULGAON-BADLAPUR,0,5312.57,3891.98,3244,0,0,0
TUMKUR,0,2726.88,3863.66,0,0,0,0
Saharanpur,0,0,3855.29,2908,0,894,0
MANDSAUR,0,5221.65,3844.64,0,3103,1318,0
RAJAHMUNDRY,0,4212.56,3838.66,2867,0,1456,0
SEONI_M,0,5213.68,3838.27,0,0,0,0
FIROZABAD (M.CORP.),0,4099.03,3819.57,0,0,0,0
UDAIPUR (M CL),0,3969.52,3814.36,0,0,0,0
UDGIR,0,3992.21,3811.73,3225,0,910,0
PANCHKULA,0,4273.42,3783.01,3056,0,968,0
ONGOLE,0,3158.75,3782.72,0,2638,1322,0
KAKINADA,0,4120.25,3774.56,0,0,1464,0
WARDHA,0,4017.44,3765.85,3475,2873,760,0
NANDED WAGHALA,0,4516.03,3757.54,3141,0,1010,0
SATARA,0,5713.61,3737.57,3361,2815,1090,0
GURGAON,0,5544.93,3733.97,2975,0,1214,1194
BRAHMAPUR,0,4247.56,3718.55,0,0,1022,0
JALGAON,0,4286.83,3702.24,3034,2634,1083,0
SHIMLA,0,4798.12,3695.03,0,0,1438,1244
AKOLA,0,2684.45,3674.57,0,0,798,0
JALANDHAR CANTT.,0,3560.94,3670.03,0,0,0,0
SOLAPUR,0,4255.17,3663.38,3206,2620,1213,0
HARDOI (NPP),0,3315.82,3650.59,0,0,0,0
ANAND,0,4071.4,3648.57,0,0,1225,0
DELHI CANTT.,0,4029.19,3647.64,0,0,1062,0
PARBHANI,0,4261.8,3646.17,0,3007,924,0
Jodhpur,0,0,3615.33,0,0,970,971
NAGDA,0,5184.14,3612.66,3794,2661,1213,0
KARIMNAGAR,0,4563.07,3602.16,2861,2709,987,0
VAPI,0,4450.44,3583.37,2953,3019,1558,0
SATNA,0,4628.27,3583.19,0,2605,1317,0
TENALI,0,2662.48,3576.63,2936,0,1464,0
KADAPA,0,4217.6,3559.97,0,0,1096,0
GODHRA,0,3969.89,3557.97,0,0,1422,0
SHAHJAHANPUR (NPP),0,4497.37,3538.71,0,0,0,0
MEERUT CANTT.,0,2095.66,3529.31,0,0,0,0
BATHINDA,0,3783.75,3526.68,3520,0,1169,0
DAMOH,0,4450.84,3521.89,3012,0,906,0
CHITTOOR,0,3433.86,3509.68,0,2599,1321,0
Gorakhpur,0,0,3509.45,0,0,756,0
DURG,0,5361.68,3505.49,3500,2972,1284,1089
SILVASSA,0,3314.61,3504.89,0,0,0,0
VIDISHA,0,3206.68,3498.7,0,0,1061,0
PATIALA,0,4012.44,3467.35,0,0,517,0
CHHATARPUR,0,4510.37,3450.63,0,2609,0,0
YAVATMAL,0,4341.61,3431.52,2887,0,924,0
ICHHALKARANJI,0,2955.7,3428.19,0,0,0,0
SOUTH DELHI (SDMC),0,4171.07,3422.27,0,3029,984,1180
NEEMUCH,0,4604.45,3420.91,3314,2716,1161,0
HAZARIBAG,0,3185.77,3416.47,3113,2597,1269,0
HINGANGHAT,0,4688.92,3416.13,0,0,657,0
HINDUPUR,0,2419.65,3414.74,0,0,1086,0
ULHASNAGAR,0,3491.8,3409.91,0,0,974,0
SHIKOHABAD (NPP),0,2596.47,3397.23,0,0,0,0
FIROZPUR,0,4645.1,3389.71,0,0,0,0
AYODHYA,0,3986.09,3375.5,0,0,0,0
GANDHIDHAM,0,2023.12,3372.8,0,0,1333,0
TADIPATRI,0,3073.39,3368.8,0,0,1529,0
PORBANDAR,0,3492.94,3364.11,0,0,1032,0
LANSDOWNE CANTT,0,2662.25,3210.12,0,0,0,0
VARANASI CANTT.,0,2784.43,3148.1,0,0,0,0
JHANSI CANTT.,0,2156.31,3084.71,0,0,0,0
MHOW CANTT,0,5244.16,2980.03,0,0,0,0
DEHUROAD CANTT,0,2409.21,2942.98,0,0,0,0
DALHOUSIE CANTT.,0,772.44,2919.9,0,0,0,0
ST THOMAS MOUNT CANTT,0,1430.32,2911.4,0,0,0,0
MATHURA CANTT.,0,2757.72,2909.02,0,0,0,0
Ahmednagar Cantt,0,0,2825.4,0,0,0,0
SHAHJAHANPUR CANTT.,0,2776.81,2751.55,0,0,0,0
SAUGOR CANTT,0,3062.57,2739.71,0,0,0,0
KIRKEE CANTT,0,3493.9,2732.83,0,0,0,0
AHMEDABAD CANTT,0,5294.17,2711.57,0,0,0,0
RANIKHET CANTT,0,2424.65,2663.44,0,0,0,0
JUTOGH CANTT.,0,3797.97,2611.5,0,0,0,0
LUCKNOW CANTT.,0,2318.89,2579.25,0,0,0,0
ROORKEE CANTT,0,1202.34,2575.88,0,0,0,0
WELLINGTON CANTT,0,1700.54,2574.94,0,0,0,0
AMRITSAR CANTT.,0,1648.08,2551.31,0,0,0,0
BABINA CANTT.,0,1269.17,2514.39,0,0,0,0
NAINITAL CANTT,0,1371.13,2486.41,0,0,0,0
PUNE CANTT,0,2843.88,2452.27,0,0,0,0
FEROZEPUR CANTT.,0,2937.16,2434.71,0,0,0,0
AMBALA CANTT.,0,2165.68,2382.45,0,0,0,0
JALAPAHAR CANTT,0,971.06,2374.83,0,0,0,0
AURANGABAD CANTT,0,1986.95,2373.9,0,0,0,0
LEBONG CANTT,0,995.09,2314.39,0,0,0,0
SECUNDERABAD CANTT.,0,4114.05,2277.04,0,0,0,0
LANDOUR CANTT,0,945.24,2212.17,0,0,0,0
AJMER CANTT.,0,1473.92,2181.92,0,0,0,0
CLEMENT TOWN CANTT,0,1234.32,2159.65,0,0,0,0
RAMGARH CANTT.,0,927.03,2126.7,0,0,0,0
Badamibagh Cantonment Board,0,0,2109.79,0,0,0,0
Agra Cantonment Board,0,0,2104.34,0,0,0,0
BELGAUM CANTT.,0,1271.57,2079.2,0,0,0,0
BAREILLY CANTT.,0,1879.98,2071.51,0,0,0,0
ALMORA CANTT,0,1802.62,2070.54,0,0,0,0
DEHRADUN CANTT,0,1173.34,2070.3,0,0,0,0
JABALPUR CANTT,0,3296.38,2057.53,0,0,0,0
FATEHGARH CANTT.,0,2398.27,2053.08,0,0,0,0
Kota,0,0,2051.88,0,0,706,954
DAGSHAI CANTT.,0,1758.83,2033.21,0,0,0,0
EAST DELHI (EDMC),0,3726.23,1962.31,0,0,1004,1015
MORAR CANTT,0,1535.42,1951.9,0,0,0,0
KAMPTEE CANTT,0,2816.17,1943.22,0,0,0,0
KANNUR CANTT.,0,1824.1,1906.4,0,0,0,0
KANPUR CANTT.,0,710.12,1862.88,0,0,0,0
SABATHU CANTT.,0,1918.16,1789.83,0,0,0,0
JAMMU CANTT.,0,1166.44,1757.53,0,0,0,0
BAKLOH CANTT.,0,853.33,1740.24,0,0,0,0
DEOLALI CANTT,0,5433.88,1734.12,0,0,0,0
ALLAHABAD CANTT.,0,1897.46,1702.76,0,0,0,0
CHAKRATA CANTT,0,802.18,1684.07,0,0,0,0
PACHMARHI CANTT,0,2588.71,1611.77,0,0,0,0
KASAULI CANTT.,0,1104.05,1499.2,0,0,0,0
FAIZABAD CANTT.,0,1384.77,1466.96,0,0,0,0
YOL CANTT.,0,753.87,1445.91,0,0,0,0
SHILLONG CANTT.,0,675.69,1427.23,0,0,0,0
Nasirabad Cantt.,0,0,1307.77,0,0,0,0
BARRACKPORE CANTT,0,2249.59,1086.71,0,0,0,0
DANAPUR CANTT.,0,1864.89,879.33,0,0,0,0
KARHAD,0,6212.56,0,4063,0,0,0
KARJAT_R,0,5785.92,0,3228,0,0,0
SILLOD,0,5489.28,0,0,2894,0,0
SHENDURJANAGHAT,0,5334.06,0,3166,0,0,0
BETMA,0,5280.72,0,3451,0,0,0
MANGALVEDHE,0,5169.66,0,3403,0,0,0
DHAR,0,5044.28,0,3294,0,0,0
LATUR,0,5032.66,0,3427,0,751,0
DEGLUR,0,5023.11,0,0,2832,0,0
BHIND,0,4945.51,0,0,0,1176,0
BADWANI,0,4923.22,0,3162,0,0,0
SEHORE,0,4906.28,0,0,0,1397,0
KURUNDVAD,0,4884.23,0,3295,0,0,0
GUNA,0,4879.07,0,0,0,873,0
SAWANTWADI,0,4877.92,0,3267,2785,0,0
MANGO,0,4859.57,0,2898,3162,0,0
REWA,0,4850.94,0,3039,2893,1479,0
BHOR,0,4825.85,0,3454,2954,0,0
KURNOOL,0,4810.22,0,0,0,1051,0
PATHRI,0,4765.01,0,0,2738,0,0
PURI (M),0,4740.3,0,0,0,1007,0
DHANPURI,0,4709.1,0,3148,0,0,0
NELLORE,0,4687.92,0,0,0,1073,0
HUBLI-DHARWAD,0,4680.24,0,0,0,998,0
WARANGAL,0,4677.25,0,2995,3045,1537,1226
DATIA,0,4674.82,0,0,0,810,0
KATOL,0,4593.75,0,3504,3041,0,0
KHANDALA,0,4589.62,0,3163,0,0,0
HOSHANGABAD,0,4552.23,0,2956,2674,1364,0
ROHA ASHTAMI,0,4545.19,0,0,2749,0,0
DEHRADUN,0,4524.48,0,0,0,752,876
MOWAD,0,4521.95,0,0,2824,0,0
KANKER,0,4514.1,0,3197,0,0,0
KYMORE,0,4480.39,0,3122,0,0,0
MORENA,0,4473.36,0,0,0,977,0
URAN,0,4417.06,0,3266,0,0,0
SHIVPURI,0,4372.1,0,2987,0,926,0
BHUBANESWAR,0,4363.37,0,0,0,1254,1279
BEED,0,4320.9,0,2905,0,783,0
DABRA,0,4313.53,0,0,0,881,0
JAYSINGPUR,0,4289.97,0,0,2785,0,0
MHASWAD,0,4247.62,0,3128,0,0,0
BAGBAHARA,0,4243.72,0,0,2902,0,0
SARDARPUR,0,4240.84,0,3167,0,0,0
NIZAMABAD,0,4240.03,0,0,0,1040,0
BUNDU,0,4223.71,0,3378,3045,0,0
BANDA,0,4210.88,0,0,0,592,0
PARLI,0,4202.72,0,3198,0,0,0
MORADABAD,0,4202.27,0,0,0,739,0
SHIRALA,0,4164.6,0,3192,0,0,0
BHONGIR (M),0,4144.12,0,0,2822,0,0
DEOGHAR,0,4141.82,0,0,2835,1232,0
JUNAGADH,0,4141.5,0,0,0,1411,0
TRIMBAK,0,4139.06,0,3211,2751,0,0
PATHARIYA,0,4106.76,0,0,2843,0,0
PALUS,0,4094.48,0,3442,0,0,0
JAWHAR,0,4074.67,0,0,2758,0,0
GUNTUR,0,4070.26,0,0,0,1201,0
MAHBUBNAGAR,0,4068.94,0,0,0,892,0
BAHADURGARH,0,4048.49,0,0,0,664,0
MALEGAON,0,4029.52,0,0,2614,911,0
HISAR,0,4020.07,0,0,0,805,0
KUHI,0,4013.27,0,3373,0,0,0
NAVSARI,0,3994.06,0,0,2615,1568,0
SURYAPET,0,3968.06,0,0,2922,1532,0
ACHALPUR,0,3951.22,0,2936,2903,761,0
SHRIRAMPUR,0,3946.66,0,0,2739,0,0
AMRELI,0,3940.11,0,0,0,1189,0
BALESHWAR,0,3939.15,0,0,0,1020,0
KANKAVLI,0,3924.7,0,0,2853,0,0
NALGONDA,0,3815.14,0,0,0,990,0
MIRYALAGUDA,0,3782.76,0,0,0,1036,0
AUSA,0,3782.42,0,3224,2957,0,0
ROORKEE (NN),0,3765.98,0,0,0,951,0
DAUND,0,3763.62,0,3208,0,0,0
GANGAKHED,0,3750.9,0,3229,0,0,0
RAMAGUNDAM,0,3718.92,0,0,0,1017,0
KARMALA,0,3691.83,0,0,2743,0,0
AJMER,0,3677.62,0,0,0,928,0
MALWAN,0,3673.51,0,3314,2755,0,0
BHOKARDAN,0,3564.05,0,0,2799,0,0
DAVANAGERE,0,3561.11,0,0,0,812,0
BHANDARA,0,3533.08,0,0,2748,0,0
OSMANABAD,0,3532.82,0,0,2669,949,0
MANGALORE,0,3526.54,0,0,2848,1350,0
GONDAL,0,3522.14,0,0,0,1097,0
AKOLE,0,3521.97,0,3144,0,0,0
CHAIBASA,0,3516.41,0,0,2940,0,0
SULTANPUR,0,3484.92,0,0,0,768,0
JALANDHAR,0,3413.33,0,0,0,921,0
KHAMMAM,0,3396.09,0,0,0,914,0
PANDHARKAODA,0,3327.56,0,0,2799,0,0
DAPOLI CAMP,0,3247.49,0,3122,0,0,0
SAMBALPUR TOWN (M),0,3212.96,0,0,0,739,0
PALANPUR,0,3205.96,0,0,0,1254,0
MADANAPALLE,0,3199.89,0,0,0,831,0
BELGAUM (M CORP. + OG),0,3192.48,0,0,0,892,0
TULJAPUR,0,3180.99,0,0,2810,0,0
KAITHAL,0,3130.38,0,0,0,828,0
GAYA,0,3096.65,0,0,0,642,0
CHAS,0,3081.04,0,3096,3173,1470,0
BHARUCH,0,3067.86,0,0,2762,1352,0
KOREGAON,0,3059.15,0,3445,0,0,0
MORBI,0,3057.75,0,0,0,1253,0
PATHANKOT,0,3011.59,0,0,0,1021,0
ADILABAD,0,3001.41,0,0,0,1006,0
JAMMU,0,2983.22,0,0,0,891,0
NADIAD,0,2972.58,0,0,0,1323,0
CUTTACK,0,2966.59,0,0,0,977,925
SIMDEGA,0,2951.25,0,0,2779,0,0
KAVALI,0,2905.82,0,0,0,1087,0
PETLAD,0,2902.95,0,3198,0,0,0
UDUPI,0,2882.92,0,0,0,1123,0
VERAVAL,0,2881.86,0,0,0,1236,0
VALSAD,0,2857.77,0,0,0,1131,0
JETPUR NAVAGADH,0,2849.7,0,0,0,1476,0
PALWAL,0,2819.96,0,0,0,553,0
SALEM,0,2794.37,0,0,0,1166,0
CHIRKUNDA,0,2791.11,0,0,2773,0,0
PANAJI,0,2785.8,0,0,0,1271,1385
ADONI,0,2763.13,0,0,0,934,0
SRIKALAHASTI,0,2752,0,0,0,961,0
SRIKAKULAM,0,2740.57,0,0,0,1198,0
KHANAPUR,0,2740.07,0,3511,0,0,0
DAMAN,0,2724.24,0,0,0,676,0
GUMLA,0,2674.92,0,0,2917,0,0
NANDYAL,0,2637.29,0,0,0,1308,0
CHAPRA,0,2631.66,0,0,0,483,0
BHIWANI,0,2631.14,0,0,0,698,0
BARIPADA,0,2618.58,0,0,0,880,0
MUZAFFARPUR,0,2579.83,0,0,0,782,0
NARASARAOPET,0,2577.46,0,0,0,1471,0
HASSAN,0,2575.34,0,0,0,926,0
BEGUSARAI,0,2564.26,0,0,0,530,0
BIHARSHARIF,0,2527.6,0,0,0,1117,0
DIU,0,2527.32,0,0,0,707,0
DWARKA,0,2514.09,0,0,0,1341,0
VIZIANAGARAM,0,2505.8,0,0,0,1185,0
GUNTAKAL,0,2493.79,0,0,0,1255,0
BHADRAVATI,0,2490.22,0,0,0,952,0
BHARATPUR,0,2485.67,0,0,0,619,0
NAGAPATTINAM,0,2483.16,0,0,0,1030,0
TIRUCHIRAPPALLI,0,2473.78,0,3414,3352,1716,1715
BUXAR,0,2467.1,0,0,0,727,0
GIRIDIH,0,2464.7,0,0,2813,1306,0
BHIMAVARAM,0,2458.76,0,0,0,1279,0
JAMJODHPUR,0,2433.38,0,3171,0,0,0
TIRUVANNAMALAI,0,2409.24,0,0,0,911,0
BHADRAK (M),0,2392.7,0,0,0,678,0
RUDRAPUR,0,2304.73,0,0,0,731,0
DARBHANGA,0,2302.94,0,0,0,654,0
SILCHAR,0,2264.35,0,0,0,833,0
NAINITAL,0,2258.44,0,0,0,725,0
BHUJ,0,2251.51,0,0,0,1245,0
BIKANER,0,2236.86,0,0,0,745,0
KUMBAKONAM,0,2212.77,0,0,0,1486,0
TAMBARAM,0,2202.35,0,0,0,1351,0
RAMESWARAM,0,2196.46,0,0,0,865,0
PURNIA,0,2180.63,0,0,0,706,0
VELLORE,0,2174.07,0,0,0,1219,0
DEESA,0,2169.3,0,3052,0,1194,0
ADITYAPUR,0,2137.12,0,0,2772,1121,0
CUDDALORE,0,2077.24,0,0,0,892,0
SAHARSA,0,2071.92,0,0,0,554,0
KOCHI,0,2071.51,0,0,0,856,990
PRODDATUR,0,2062.71,0,0,0,1169,0
CHILAKALURIPET,0,2050,0,0,0,1220,0
AVADI,0,2045.97,0,0,0,1069,0
KASHIPUR,0,2018.33,0,0,0,883,0
THIRUVANANTHAPURAM,0,2001,0,0,0,617,1167
LAKHANPUR,0,1997.22,0,0,2934,0,0
KALOL,0,1987.26,0,0,0,1505,0
TIRUNELVELI,0,1985.13,0,0,0,1008,0
MOGA,0,1974.57,0,0,0,625,0
GANGAWATI,0,1956.84,0,0,0,598,0
DHARMAVARAM,0,1951.68,0,0,0,1113,0
RAMPUR,0,1934.46,0,0,0,543,0
DINDIGUL,0,1934.16,0,0,0,1221,0
MACHILIPATNAM,0,1922.99,0,0,0,1291,0
BAGAHA,0,1909.12,0,0,0,367,0
DIBRUGARH,0,1899.7,0,0,0,798,0
ERODE,0,1897.13,0,0,2857,1468,0
BOTAD,0,1888.36,0,0,0,1308,0
AIZAWL,0,1881.44,0,0,0,0,1138
JEHANABAD,0,1879.87,0,0,0,774,0
CHATRA,0,1859.71,0,3157,2748,0,0
GUDIVADA,0,1855.9,0,0,0,1090,0
GANGTOK,0,1812.01,0,0,2601,1414,1565
Vijayapura (Bijapur),0,1808.42,0,3327,0,760,0
ELURU,0,1782.38,0,0,0,1283,0
KOZHIKODE,0,1771.87,0,0,0,887,1107
TIRUPPUR,0,1754.98,0,0,0,1326,0
AMBUR,0,1752.28,0,0,0,871,0
RAJAPALAYAM,0,1745.4,0,0,0,1186,0
GUWAHATI,0,1736.12,0,0,0,1169,1041
BELLARY,0,1724.52,0,0,0,827,0
KISHANGANJ,0,1701.08,0,0,0,883,0
IMPHAL,0,1680.64,0,0,0,1192,1441
BISHRAMPUR,0,1673.61,0,3524,0,0,0
SHILLONG,0,1654.45,0,0,0,839,1012
SEONI,0,1650.23,0,0,0,1077,0
TADEPALLIGUDEM,0,1636.44,0,0,0,1250,0
MUNGER,0,1611.21,0,0,0,502,0
KATIHAR,0,1609.23,0,0,0,383,0
AGARTALA,0,1596.93,0,0,0,806,1222
KANCHEEPURAM,0,1540.05,0,0,0,1182,0
HOSPET (CMC),0,1472.94,0,0,0,752,0
NAGAON,0,1442.94,0,0,0,1086,0
PALLAVARAM,0,1423.18,0,0,0,1091,0
BHAGALPUR,0,1409.57,0,0,0,841,0
RAJMAHAL,0,1382.43,0,3132,0,0,0
KOLLAM,0,1376.41,0,0,0,629,0
SASARAM,0,1265.5,0,0,0,834,0
SIWAN,0,1256.03,0,0,0,610,0
THANJAVUR,0,1101.93,0,0,0,1003,0
KOHIMA,0,1098.08,0,0,0,970,893
ANANTNAG,0,827.69,0,0,0,1003,0
ITANAGAR,0,729.73,0,0,0,953,639
Amdavad,0,0,0,4137,0,0,0
Amrava,0,0,0,3042,0,0,0
Badrava,0,0,0,3486,0,0,0
Balrampur,0,0,0,3313,0,0,0
Bhilai Charoda,0,0,0,3424,0,0,0
Chhura,0,0,0,3284,0,0,0
Chhurikala,0,0,0,3203,0,0,0
Chikhalakasa,0,0,0,3296,0,0,0
Dungarpur,0,0,0,3787,0,0,0
Gondia,0,0,0,0,2673,705,0
Ichalkaranji,0,0,0,0,2659,1133,0
Jashpur Nagar,0,0,0,3435,2948,0,0
Jhagrakhand,0,0,0,3146,0,0,0
Kawardha,0,0,0,3223,0,0,0
Kunkuri,0,0,0,3228,0,0,0
Magarlod,0,0,0,3161,0,0,0
Malkapur,0,0,0,3771,2981,0,0
Mauda,0,0,0,3548,0,0,0
Narharpur,0,0,0,3540,2775,0,0
Pa ala,0,0,0,3054,0,0,0
Pakur,0,0,0,3373,2853,0,0
Pali,0,0,0,3288,0,1029,0
Phusro,0,0,0,3160,2888,0,0
Piriyapatna,0,0,0,3463,2838,0,0
Rajgarh,0,0,0,3460,0,0,0
Sahaspur-Lohara,0,0,0,3398,0,0,0
Saraipali,0,0,0,3276,2951,0,0
Siddipet,0,0,0,3170,3060,1461,0
Sitapur,0,0,0,3191,0,526,0
Tifra,0,0,0,3133,2843,0,0
Tirupa,0,0,0,4025,0,0,0
Udaipur,0,0,0,0,2623,764,0
